title,content,language,keywords,category
"Amends the name of the Arabian Oryx Sanctuary
17 Aug 2011
Nature Conversation (تعديل مسمى محمية المها
17 أغسطس 2011
صون الطبيعة)","تعديل اسم محمية المها العربية 17 أغسطس 2011

مرسوم سلطاني رقم 79/2011
تعديل اسم محمية المها العربية إلى محمية الأحياء البرية في المنطقة الوسطى
نحن، قابوس بن سعيد، سلطان عمان،
بعد الاطلاع على النظام الأساسي للدولة، الصادر بالمرسوم السلطاني رقم 101/96، والمرسوم السلطاني رقم 4/94 بشأن محمية المها العربية، وقانون حماية البيئة ومكافحة التلوث، الصادر بالمرسوم السلطاني رقم 114/2001، وقانون المحميات الطبيعية وصون الأحياء الفطرية، الصادر بالمرسوم السلطاني رقم 6/2003، وبناءً على ما تقتضيه المصلحة العامة،
رسمنا بما هو آت:
المادة 1
يُعدل اسم ""محمية المها العربية"" إلى ""محمية الأحياء البرية في المنطقة الوسطى""، أينما ورد في المرسوم السلطاني رقم 4/94 المشار إليه والمرفق الملحق به.
المادة 2
يُنشر هذا المرسوم في الجريدة الرسمية ويُعمل به من اليوم التالي لتاريخ نشره.
صدر في 17 رمضان 1432 هـ
الموافق 17 أغسطس 2011 م
قابوس بن سعيد
سلطان عمان
استخدم الكود بحذر.",العربية(Arabic),مرسوم سلطاني، 79/2011، محمية المها العربية، محمية الأحياء البرية، المنطقة الوسطى، قابوس بن سعيد، سلطان عمان، النظام الأساسي للدولة، قانون حماية البيئة ومكافحة التلوث، قانون المحميات الطبيعية وصون الأحياء الفطرية، الجريدة الرسمية، 17 أغسطس 2011، تعديل قانوني، المصلحة العامة، مرسوم سلطاني 101/96، مرسوم سلطاني 4/94، مرسوم سلطاني 114/2001، مرسوم سلطاني 6/2003,قانون عمان، قانون البيئة، صون الأحياء البرية، التعديلات القانونية
"Amends the name of the Arabian Oryx Sanctuary
17 Aug 2011
Nature Conversation (تعديل مسمى محمية المها
17 أغسطس 2011
صون الطبيعة)","صدر في 5 ذو الحجة 1416 هـ
الموافق 23 أبريل 1996 م
الجريدة الرسمية: العدد رقم (573)
ملحق لتحديد أبعاد محمية السلاحف",العربية(Arabic),5 ذو الحجة 1416 هـ، 23 أبريل 1996 م، الجريدة الرسمية، العدد رقم 573، محمية السلاحف، السياق التاريخي، ملحق,قانون عمان، قانون البيئة، صون الأحياء البرية، المناطق المحمية
"Amends the name of the Arabian Oryx Sanctuary
17 Aug 2011
Nature Conversation (تعديل مسمى محمية المها
17 أغسطس 2011
صون الطبيعة)","يتم تحديد أبعاد محمية السلاحف المشار إليها وفقًا للإحداثيات التالية:
الشمال الغربي 59 درجة 41 دقيقة شرقًا 23 درجة 52 دقيقة شمالاً
الشمال الشرقي 59 درجة 48 دقيقة شرقًا 23 درجة 52 دقيقة شمالاً
الشرق 59 درجة 51 دقيقة شرقًا 23 درجة 25 دقيقة شمالاً
الجنوب الشرقي 59 درجة 48 دقيقة شرقًا 23 درجة 13 دقيقة شمالاً
الجنوب 59 درجة 45 دقيقة شرقًا 22 درجة 11 دقيقة شمالاً
الغرب 59 درجة 48 دقيقة شرقًا 22 درجة 19 دقيقة شمالاً
تبلغ المساحة الإجمالية للمحمية 120 مائة وعشرين كيلومترًا مربعًا. الجريدة الرسمية: العدد رقم (573)",العربية(Arabic),محمية السلاحف، الإحداثيات، الأبعاد، الشمال الغربي، الشمال الشرقي، الشرق، الجنوب الشرقي، الجنوب، الغرب، درجات، دقائق، المساحة، 120 كيلومتر مربع، الجريدة الرسمية، العدد رقم 573، خطوط الطول، دوائر العرض,قانون عمان، قانون البيئة، صون الأحياء البرية، المناطق المحمية، البيانات الجغرافية
"Handling chemicals
18 Sep 1995
Environment Affair
(التعامل مع المواد الكيميائية

18 سبتمبر 1995

شؤون البيئة","مناولة المواد الكيميائية 18 سبتمبر 1995
شؤون البيئة
مرسوم سلطاني رقم 95/46
بإصدار لائحة تداول واستخدام المواد الكيميائية
نحن قابوس بن سعيد سلطان عمان
بعد الاطلاع على المرسوم السلطاني رقم 75/26 بإصدار قانون تنظيم الجهاز الإداري للدولة وتعديلاته،
وعلى المرسوم السلطاني رقم 77/82 بشأن استخدام وتداول المتفجرات في السلطنة وتعديلاته،
وعلى المرسوم السلطاني رقم 82/10 بإصدار قانون حماية البيئة ومكافحة التلوث وتعديلاته،
وعلى المرسوم السلطاني رقم 91/76 بإصدار قانون الدفاع المدني،
وبناء على ما تقتضيه المصلحة العامة.
رسمنا بما هو آت:
المادة الأولى
يعمل بأحكام اللائحة المرفقة في شأن تداول واستخدام المواد الكيميائية.
المادة الثانية
يصدر وزير البلديات الإقليمية والبيئة اللوائح والقرارات اللازمة لتنفيذ هذه اللائحة.
المادة الثالثة
على الجهات الحكومية وغير الحكومية والأفراد المخاطبين بأحكام هذه اللائحة توفيق أوضاعهم وفقا لأحكامها، خلال مدة لا تجاوز سنة من تاريخ العمل بها، ويجوز لوزير البلديات الإقليمية والبيئة تمديد هذه المدة لمدة لا تجاوز سنة أخرى إذا اقتضت الضرورة ذلك.
المادة الرابعة
يلغى كل ما يخالف هذا المرسوم أو يتعارض مع أحكامه.
المادة الخامسة
ينشر هذا المرسوم في الجريدة الرسمية، ويعمل به من تاريخ نشره.
صدر في: 22 ربيع الآخر 1416 هـ
الموافق: 18 سبتمبر 1995 م
قابوس بن سعيد
سلطان عمان",العربية(Arabic),مرسوم سلطاني، 95/46، قابوس بن سعيد، سلطان عمان، تداول واستخدام المواد الكيميائية، حماية البيئة، مرسوم سلطاني 75/26، مرسوم سلطاني 77/82، مرسوم سلطاني 82/10، مرسوم سلطاني 91/76، الجريدة الرسمية، 18 سبتمبر 1995، البلديات الإقليمية والبيئة,قانون عمان، قانون البيئة، السلامة الكيميائية، المراسيم التنظيمية
"Handling chemicals
18 Sep 1995
Environment Affair
(التعامل مع المواد الكيميائية

18 سبتمبر 1995

شؤون البيئة","لائحة تداول واستخدام المواد الكيميائية
المادة 1
في تطبيق أحكام هذه اللائحة، يكون للكلمات والعبارات التالية المعاني المبينة قرين كل منها، ما لم يكن هناك نص خاص على خلاف ذلك أو يقتض السياق غيره:
النظام:
لائحة تداول واستخدام المواد الكيميائية.
الوزير:
وزير البلديات الإقليمية والبيئة.
الوزارة:
وزارة البلديات الإقليمية والبيئة.
الجهة المختصة:
أي جهة حكومية لها سلطة الإشراف أو الترخيص بمزاولة الأنشطة التي تستخدم المواد الكيميائية.
اللجنة:
اللجنة الدائمة للمواد الكيميائية.
الدائرة:
دائرة المواد الكيميائية بوزارة البلديات الإقليمية والبيئة.
المستعمل:
أي شخص طبيعي أو اعتباري حصل على تصريح من الدائرة للاتجار في المواد الكيميائية الخطرة أو استخدامها.
المادة الكيميائية:
أي مادة تصنف على أنها مادة خطرة وفقًا للتصنيفات الدولية للمواد الخطرة ذات التأثير على الصحة العامة والبيئة، وذلك باستثناء المتفجرات المحددة في المرسوم السلطاني المشار إليه بشأن استخدام وتداول المتفجرات.
بطاقة البيانات:
أي معلومات مكتوبة أو مطبوعة أو مرسومة مرفقة بعبوات المواد الكيميائية، توضح تركيبها وخصائصها وكيفية استخدامها.
المكان المرخص:
أي مكان مسجل لدى الدائرة لحفظ أو تخزين المواد الكيميائية بغرض التوزيع أو التداول أو التصنيع أو التفريغ أو التخفيف أو الخلط أو التحضير.
المفتش:
الموظف الذي يعينه الوزير ويكون له صلاحية الدخول إلى الأماكن المرخصة والاطلاع على السجلات للتأكد من حسن تطبيق النظام واللوائح والقرارات الصادرة تنفيذًا لأحكامه، وتسجيل أي مخالفات تقع.
المادة 2
يتم تصنيع واستيراد وتصدير ونقل وتخزين وتداول واستخدام أي مواد كيميائية وفقًا لأحكام هذه اللائحة واللوائح والقرارات الصادرة تنفيذًا لها.
المادة 3
يشكل بقرار من الوزير اللجنة الدائمة للمواد الكيميائية، برئاسة وكيل الوزارة لشؤون البيئة، وتضم في عضويتها أعضاء برتبة مدير عام من شرطة عمان السلطانية ومن كل من وزارات البلديات الإقليمية والبيئة، والدفاع، والزراعة والثروة السمكية، والصحة، والنفط والمعادن، والتجارة والصناعة، وموارد المياه، وجامعة السلطان قابوس، وأي جهة أخرى يحددها الوزير.
المادة 4
تختص اللجنة بما يلي:
أ - إعداد مشروعات اللوائح والقرارات اللازمة لتنفيذ هذه اللائحة وفقًا لما هو معمول به في السلطنة والنظم الدولية، ومتابعة تنفيذها.
ب - وضع الإجراءات والاشتراطات الخاصة بتصنيع واستيراد وتصدير ونقل وتخزين وتداول واستخدام المواد الكيميائية والتخلص من نفاياتها، بالتنسيق مع الجهات المختصة.
ج - التحري ووقف المستعمل عن ممارسة نشاطه في تصنيع أو استيراد أو تصدير أو نقل أو تخزين أو تداول أو استخدام أي مواد كيميائية لتلافي خطر جسيم يهدد الصحة العامة أو البيئة، وذلك بناءً على توصية من الدائرة، وعلى الدائرة إخطار المستعمل بقرار الوقف وأسبابه. كما يتعين عليها إخطار الجهة المختصة بذلك.
وللمستعمل أن يتظلم من هذا القرار إلى الوزير خلال خمسة عشر يومًا من تاريخ إخطاره كتابة، ولا يترتب على تقديم التظلم وقف تنفيذ القرار المتظلم منه، ويتم البت في التظلم خلال مدة أقصاها ثلاثون يومًا من تاريخ تقديمه، ويكون قرار الوزير نهائيًا.
المادة 5
تجتمع اللجنة بدعوة من رئيسها مرة على الأقل كل ستة أشهر وكلما دعت الحاجة إلى ذلك.
ولا يكون اجتماع اللجنة صحيحًا إلا بحضور ثلثي الأعضاء، وللجنة أن تستعين بمن تراه مناسبًا، وتدعوه لحضور اجتماعاتها دون أن يكون له صوت معدود.",العربية(Arabic),لائحة تداول واستخدام المواد الكيميائية، التعاريف، النظام، الوزير، الوزارة، الجهة المختصة، اللجنة، الدائرة، المستعمل، المادة الكيميائية، بطاقة البيانات، المكان المرخص، المفتش، اللجنة الدائمة للمواد الكيميائية، الاختصاصات، الاجتماعات,قانون عمان، اللوائح البيئية، السلامة الكيميائية، التعاريف التنظيمية، اللجنة الدائمة للمواد الكيميائية
"Handling chemicals
18 Sep 1995
Environment Affair
(التعامل مع المواد الكيميائية

18 سبتمبر 1995

شؤون البيئة","المادة 6
تنشأ بالوزارة دائرة للمواد الكيميائية تختص بالآتي:
أ - تنفيذ اللوائح والقرارات الوزارية الصادرة تنفيذًا لأحكام هذه اللائحة.
ب - إجراء الاختبارات اللازمة للمواد الكيميائية لتحديد درجة سميتها ومدى خطورتها.
ج - منح التصاريح اللازمة لاستخدام أو تصنيع أو استيراد أو تصدير أو الاتجار في المواد الكيميائية الخطرة وفقًا للإجراءات المنصوص عليها في اللوائح والقرارات الصادرة تنفيذًا لهذه اللائحة، وذلك قبل إصدار الترخيص من الجهات المختصة، ودون الإخلال باختصاصات الجهات الحكومية المختصة في تحديد نوع المادة الكيميائية المستخدمة.
د - منح مراكز البحوث والمؤسسات العلمية والتعليمية والمختبرات تصاريح الاستخدام التجريبي لأي مواد كيميائية خطرة لأغراض البحث العلمي.
هـ - حصر وتسجيل المواد الكيميائية الخطرة ومستعمليها وجمع المعلومات والبيانات المتعلقة بها وتعديل أو إلغاء التسجيل بحيث يسمح للجهات المعنية بالرقابة والتفتيش عليها.
و - تصنيف المواد الكيميائية وفقًا للتصنيفات المحلية والدولية.
ز - الاتصال والتنسيق محليًا ودوليًا لتبادل المعلومات والقرارات المتعلقة بتداول المواد الكيميائية.
ح - إنشاء بنك معلومات للمواد الكيميائية.
ط - تقديم المشورة الفنية للجهات الحكومية والخاصة فيما يتعلق بالمواد الكيميائية.
ي - وضع الإرشادات والقواعد الخاصة بتدريب العاملين في مجال المواد الكيميائية ونشر الوعي اللازم للاستخدام السليم للمواد الكيميائية.
ك - التحقق من خلال المفتشين من استيفاء الاشتراطات القانونية ومراقبة سجلات المواد الكيميائية بأماكن وجودها وتسجيل أي مخالفات لأحكام هذه اللائحة واللوائح والقرارات المنفذة.
ل - تقديم تقرير دوري إلى اللجنة عن نشاط الدائرة وقوائم بأسماء المستعملين المسجلين والمصرح لهم بالتعامل مع المواد الكيميائية الخطرة أو أي تحديثات ترى عرضها على اللجنة.
م - إعداد جدول أعمال جلسات اللجنة والتحضير لاجتماعاتها ومتابعة تنفيذ قراراتها والتنسيق بينها وبين الجهات الأخرى.
المادة 7
يصدر الوزير قرارات بتحديد الرسوم التي يتم تحصيلها تنفيذًا لهذه اللائحة، بالتنسيق مع وزارة المالية والاقتصاد.
المادة 8
يجب الحصول على ترخيص لنقل أو تخزين أي مواد كيميائية خطرة من الإدارة العامة للدفاع المدني بشرطة عمان السلطانية، وفقًا للوائح الصادرة عنها.
المادة 9
لا يجوز استيراد أو تصدير أو نقل أو تخزين أو تداول أي مواد كيميائية ما لم تكن معبأة في عبوات خاصة طبقًا للمواصفات المعتمدة والمعترف بها في السلطنة.
المادة 10
يجب على الجهات الحكومية وغير الحكومية تزويد الدائرة بأي معلومات تتوافر لديها، وبخاصة عن المواد الكيميائية الخطرة التي تستخدمها.
المادة 11
يلتزم مستعمل المواد الكيميائية الخطرة بالتخلص من نفاياتها وعبواتها الفارغة وأي مواد مخالفة على نفقته وتحت إشراف الوزارة، وفقًا للوائح المعمول بها في هذا الشأن.
المادة 12
يلتزم مستعمل المواد الكيميائية الخطرة بالآتي:
أ - اتخاذ الاحتياطات اللازمة لحماية العاملين من الأضرار الصحية وأخطار العمل وتزويدهم بمهمات الوقاية الشخصية الكاملة وتوعيتهم وتدريبهم على أفضل طريقة للتعامل مع مخاطر المواد الكيميائية ومواجهتها وفقًا للوائح الصادرة في هذا الشأن.
ب - إعداد سجلات تثبت أسماء الأشخاص والمواد الكيميائية وكمياتها وأعدادها ودرجة خطورتها وكيفية التعامل معها وتقديمها لموظفي الدائرة كلما طلبوا ذلك.
المادة 13
مع عدم الإخلال بأي عقوبة أشد منصوص عليها في قانون آخر، يعاقب كل من يخالف أحكام هذه اللائحة أو اللوائح أو القرارات الصادرة تنفيذًا لها بالسجن مدة لا تجاوز ثلاث سنوات وبغرامة لا تجاوز خمسة آلاف ريال عماني، أو بإحدى هاتين العقوبتين، وتصادر المادة الكيميائية محل المخالفة، وتضاعف العقوبة عند تكرار المخالفة.",العربية(Arabic),دائرة المواد الكيميائية، الاختصاصات، اختبارات السمية، التصاريح، المواد الكيميائية الخطرة، مراكز البحوث، التسجيل، التصنيف، تبادل المعلومات، بنك معلومات المواد الكيميائية، المشورة الفنية، التدريب، التفتيش، التقرير الدوري، الرسوم، التراخيص، النقل، التخزين، التعبئة، التخلص من النفايات، حماية العاملين، حفظ السجلات، العقوبات، المخالفات,قانون عمان، اللوائح البيئية، السلامة الكيميائية، دائرة المواد الكيميائية، التراخيص، التزامات المستعمل، العقوبات
"Establishment of the Daymaniyat Islands Nature Reserve

03 April 1996

Nature Conservation (إنشاء محمية جزر الديمانيات الطبيعية
03 أبريل 1996
صون الطبيعة)","
مرسوم سلطاني رقم 23/96
بإنشاء محمية جزر الديمانيات الطبيعية
نحن قابوس بن سعيد سلطان عمان
بمقتضى المرسوم السلطاني رقم 26/75 بإصدار قانون تنظيم الجهاز الإداري للدولة وتعديلاته،
وبمقتضى المرسوم السلطاني رقم 26/97 بإصدار قانون المنتزهات الوطنية والمواقع الطبيعية المحمية وتعديلاته،
وبمقتضى المرسوم السلطاني رقم 10/82 بإصدار قانون حماية البيئة ومكافحة التلوث وتعديلاته،
وبناء على ما تقتضيه المصلحة العامة،
أمرنا بما هو آت:
المادة 1: تخصص المنطقة المحددة الأبعاد في الملحق والخريطة المرفقين موقعًا طبيعيًا محميًا تحت مسمى (محمية جزر الديمانيات الطبيعية).
المادة 2: يصدر وزير البلديات الإقليمية والبيئة اللوائح والقرارات اللازمة لتنفيذ هذا المرسوم، بالتنسيق مع الوزارات والجهات ذات الصلة، على أن تتضمن قواعد تنظيم الدخول إلى المحمية، والرسوم المقررة لذلك، وأوقات التواجد فيها، والأنشطة المسموح بمزاولتها، وتلك التي يحظر ممارستها، والجزاءات المناسبة في كل حالة.
المادة 3: ينشر هذا المرسوم في الجريدة الرسمية، ويعمل به اعتبارًا من تاريخ نشره.
قابوس بن سعيد
سلطان عمان
صدر في 14 من ذي القعدة 1416 هـ
الموافق 3 من أبريل 1996 م
الجريدة الرسمية رقم (573)",العربية(Arabic),مرسوم سلطاني 23/96، محمية جزر الديمانيات الطبيعية، قابوس بن سعيد، سلطان عمان، قانون تنظيم الجهاز الإداري، قانون المنتزهات الوطنية والمواقع الطبيعية المحمية، قانون حماية البيئة ومكافحة التلوث، الجريدة الرسمية، 14 من ذي القعدة 1416 هـ، 3 من أبريل 1996 م,قانون عمان، قانون البيئة، المحميات الطبيعية، المراسيم السلطانية، جزر الديمانيات
"Establishment of the Daymaniyat Islands Nature Reserve

03 April 1996

Nature Conservation (إنشاء محمية جزر الديمانيات الطبيعية
03 أبريل 1996
صون الطبيعة)","
ملحق بتحديد أبعاد محمية جزر الديمانيات الطبيعية
يتم تحديد أبعاد محمية جزر الديمانيات الطبيعية المشار إليها وفقًا للإحداثيات التالية:
الشمال الغربي 57 درجة 55 دقيقة شرقًا 23 درجة 52 دقيقة شمالاً
الشمال الشرقي 58 درجة 12 دقيقة شرقًا 23 درجة 52 دقيقة شمالاً
الجنوب الغربي 57 درجة 55 دقيقة شرقًا 23 درجة 48 دقيقة شمالاً
الجنوب الشرقي 58 درجة 12 دقيقة شرقًا 23 درجة 48 دقيقة شمالاً
تبلغ المساحة الإجمالية للمحمية 203 مائتين وثلاثة كيلومترات مربعة
الجريدة الرسمية رقم (573)",العربية(Arabic),محمية جزر الديمانيات الطبيعية، الأبعاد، الإحداثيات، الشمال الغربي، الشمال الشرقي، الجنوب الغربي، الجنوب الشرقي، درجات، دقائق، شرقًا، شمالاً، المساحة، 203 كيلومتر مربع، الجريدة الرسمية رقم 573,قانون عمان، قانون البيئة، المحميات الطبيعية، جزر الديمانيات، الإحداثيات الجغرافية، المساحة
"Establishing al Jabal al Akhdhar Reserve Eng 

 17 Aug 2011 

 Nature Conversation (إنشاء محمية الجبل الأخضر 

17 أغسطس 2011

صون الطبيعة)","إنشاء محمية منظر الجبل الأخضر الطبيعي 12 يوليو 2020

مرسوم سلطاني رقم 80/2011
بإنشاء محمية منظر الجبل الأخضر الطبيعي
نحن قابوس بن سعيد سلطان عمان
بعد الاطلاع على النظام الأساسي للدولة الصادر بالمرسوم السلطاني رقم 101/96، وعلى قانون المحميات الطبيعية وصون الأحياء الفطرية الصادر بالمرسوم السلطاني رقم 6/2003، وبمراعاة المصلحة العامة،
رسمنا بما هو آت:
المادة 1
تنشأ محمية طبيعية باسم محمية منظر الجبل الأخضر الطبيعي، وتخصص لها المساحة المحددة أبعادها في الملحق والخريطة المرفقين.
المادة 2
يصدر وزير البيئة والشؤون المناخية اللوائح والقرارات المنفذة لهذا المرسوم بالتنسيق مع الوزارات والجهات ذات الصلة، على أن تتضمن أسلوب إدارة المحمية، والقواعد المنظمة للدخول إليها، والرسوم المقررة لذلك، وأوقات التواجد فيها، والأعمال المصرح بمزاولتها، وتلك التي يحظر ممارستها، والجزاءات المناسبة في كل حالة.
المادة 3
ينشر هذا المرسوم في الجريدة الرسمية، ويعمل به من اليوم التالي لتاريخ نشره.
صدر في: 17 رمضان 1432 هـ
الموافق: 17 أغسطس 2011 م
قابوس بن سعيد
سلطان عمان",العربية(Arabic),مرسوم سلطاني 80/2011، محمية منظر الجبل الأخضر الطبيعي، قابوس بن سعيد، سلطان عمان، النظام الأساسي للدولة، قانون المحميات الطبيعية وصون الأحياء الفطرية، الجريدة الرسمية، 17 رمضان 1432 هـ، 17 أغسطس 2011 م، وزير البيئة والشؤون المناخية,قانون عمان، قانون البيئة، المحميات الطبيعية، المراسيم السلطانية، الجبل الأخضر
قانون حماية مصادر مياه الشرب من التلوث (Law on Protecting Drinking Water Sources from Pollution),":مرسوم سلطاني رقم 115/2001
بإصدار قانون حماية مصادر مياه الشرب من التلوث

نحن، قابوس بن سعيد، سلطان عمان،

بعد الاطلاع على النظام الأساسي للدولة الصادر بالمرسوم السلطاني رقم 101/96،
وعلى المرسوم السلطاني رقم 66/2001 بشأن اختصاصات وزارة البلديات الإقليمية والبيئة وموارد المياه واعتماد هيكلها التنظيمي،
وعلى قانون حماية البيئة ومكافحة التلوث الصادر بالمرسوم السلطاني رقم 114/2001،
وبناءً على ما تقتضيه المصلحة العامة،
رسمنا بما هو آت:

المادة الأولى:
يُعمل في شأن حماية مصادر مياه الشرب من التلوث بأحكام القانون المرافق.

المادة الثانية:
يصدر وزير البلديات الإقليمية والبيئة وموارد المياه اللوائح والقرارات التنفيذية لتنفيذ هذا القانون. وإلى حين صدور تلك اللوائح والقرارات، يستمر العمل باللوائح والقرارات المعمول بها حاليًا، شريطة ألا تتعارض مع أحكام هذا القانون.

المادة الثالثة:
يُنشر هذا المرسوم في الجريدة الرسمية، ويُعمل به من تاريخ نشره.

صدر في: 28 من شعبان 1422 هـ
الموافق: 14 من نوفمبر 2001 م

قابوس بن سعيد
سلطان عمان

قانون حماية مصادر مياه الشرب من التلوث
المادة (1): التعريفات
لأغراض هذا القانون، يكون للكلمات والعبارات التالية المعاني المحددة لها، ما لم يقتض سياق النص خلاف ذلك:

الوزارة: وزارة البلديات الإقليمية والبيئة وموارد المياه.
الوزير: وزير البلديات الإقليمية والبيئة وموارد المياه.
حماية المياه: المحافظة على السلامة والتوازن الطبيعي لمكونات وخصائص المياه، ومنع تدهور نوعيتها أو تلوثها، والحد من هذا التلوث ومكافحته.
مصادر مياه الشرب: تشمل مياه الأمطار، والمياه السطحية، والمياه الجوفية -سواء كانت عذبة أو مالحة أو شبه مالحة- داخل أراضي السلطنة.
مستوى التصريف: مستوى تركيز أي ملوث مسموح بتصريفه، ويُحدد وفقًا لمعايير محددة للتلوث.
معيار التلوث: الحد الأقصى المسموح به لمستوى تصريف الملوثات خلال فترة زمنية محددة.
تلوث المياه: أي تغيير أو اضطراب في خصائص أو جودة المياه -الطبيعية أو الكيميائية أو البيولوجية- من خلال إدخال ملوثات بطرق تسبب ضررًا أو خطرًا على صحة الإنسان أو البيئة أو استخدامها.
مفتش تلوث المياه: مسؤول تعينه الوزارة لإنفاذ هذا القانون ولوائحه التنفيذية وقراراته.
ملوثات المياه: المواد السامة، أو الصلبة، أو الغازية، أو المشعة، أو غيرها من المواد التي تسبب تلوث المياه بشكل مباشر أو غير مباشر.
التصريف: فعل سكب، أو إلقاء، أو تسريب، أو تصريف الملوثات -سواء بشكل مباشر أو غير مباشر- في التربة أو المياه.
مناطق حماية مصادر مياه الشرب: المناطق التي تحددها الوزارة لحماية المياه من التلوث.
المالك: شخص طبيعي أو اعتباري -سواء كان وطنيًا أو أجنبيًا، عامًا أو خاصًا- يمتلك أو يستأجر أو يدير مصدرًا أو منطقة قد تسهم في تلوث المياه.
المصدر: أي نشاط أو عملية يمكن أن تسبب تلوث المياه بشكل مباشر أو غير مباشر.
منطقة العمل: موقع مصدر واحد أو أكثر.
مياه الصرف: المخلفات السائلة الناتجة عن الاستخدامات المنزلية، أو التجارية، أو الزراعية، أو الصناعية، أو غيرها.
مياه الصرف المعالجة: مياه الصرف التي تمت معالجتها في وحدات معالجة لتلبية معايير محددة.
الحمأة: الرواسب الصلبة أو شبه الصلبة الناتجة عن معالجة مياه الصرف.
الحمأة المعالجة: الحمأة التي تمت معالجتها لتلبية معايير إعادة الاستخدام أو التخلص.
وحدة معالجة مياه الصرف: وحدة متكاملة أو منفصلة لمعالجة مياه الصرف باستخدام الطرق الطبيعية، أو الكيميائية، أو البيولوجية، أو غيرها.
نقطة التصريف النهائية: النقطة التي يتم عندها تصريف الملوثات من المصدر أو منطقة العمل، والتي لا يستطيع المالك بعدها التحكم في التصريف الناتج.
خزانات التحلل اللاهوائي: مرافق مصممة للمعالجة اللاهوائية والتحلل البيولوجي لمياه الصرف.
خزانات الاحتجاز: مرافق مصممة لاحتجاز النفايات الخطرة دون تسرب أو ارتشاح أو تلوث بيئي.
حقل الامتصاص: نظام تحت سطحي مصمم لتصريف مياه الصرف المنزلية المعالجة في الأرض عن طريق النفاذية.
النفايات: المخلفات المختلفة الناتجة عن الأنشطة الصناعية، أو التعدينية، أو الزراعية، أو الحرفية، أو المنزلية، أو المستشفيات، أو الأنشطة العامة، أو غيرها، والمعدة للتخلص منها، أو إعادة تدويرها، أو تحييدها وفقًا للقوانين المعمول بها.
معالجة النفايات: العمليات التي تهدف إلى تغيير خصائص النفايات -سواء كانت طبيعية، أو فيزيائية، أو كيميائية، أو بيولوجية- لتقليل آثارها الضارة، أو لجعلها مناسبة لإعادة الاستخدام أو التخلص منها.
موقع الطمر الصحي: موقع مرخص من قبل الوزارة للتخلص من النفايات الصلبة غير الخطرة.
السلطة المختصة: الجهة المسؤولة عن العمليات اليومية وإدارة عمليات جمع والتخلص من النفايات الصلبة غير الخطرة.
إعادة الاستخدام أو إعادة التدوير: الفرز الانتقائي وإعادة استخدام مكونات النفايات لأغراض مفيدة.
النفايات الخطرة غير المنزلية: النفايات الخطرة من المواقع المستخدمة جزئيًا أو كليًا للأنشطة الصناعية، أو الزراعية، أو الإنشائية، أو التجارية، أو البحثية، أو غيرها من الأنشطة غير المرتبطة بمياه الصرف المنزلية.
النفايات الخطرة: النفايات التي تحتفظ بسميتها، أو قابليتها للاشتعال، أو الانفجار، أو النشاط الإشعاعي الذي يتجاوز المستويات المسموح بها (مثلًا، 100 بيكريل لكل جرام)، مما يشكل مخاطر على حياة الإنسان، أو صحته، أو البيئة.
المنشآت: المرافق العامة أو الخاصة مثل المدارس، والجامعات، والمكاتب، والمستشفيات.
المكافئ السكاني: العدد التقديري للأفراد الذين ينتجون نفايات منزلية تعادل كمية النفايات العضوية التي تنتجها منشأة، ويتم حسابه باستخدام مقاييس محددة مثل الطلب البيوكيميائي على الأكسجين (BOD).

المادة (2): المسؤوليات
تُخوّل الوزارة بإنفاذ هذا القانون واتخاذ الإجراءات اللازمة لضمان سلامة مصادر مياه الشرب. ويتعين على جميع الجهات ذات الصلة التعاون مع الوزارة في تنفيذ هذا القانون.

المادة (3): مناطق الحماية
تحدد الوزارة مناطق حماية مصادر مياه الشرب وتحدد الأنشطة المحظورة في هذه المناطق لمنع التلوث. وتضع الوزارة المواصفات والمتطلبات اللازمة للحفاظ على جودة مياه الشرب ومراقبة الامتثال لها.",العربية(Arabic),"
يتناول هذا النص مصطلحاتٍ رئيسيةً مثل قانون حماية مصادر مياه الشرب، ومرسوم سلطاني في عمان. كما يُركز على مواضيع بيئيةٍ هامةٍ مثل تلوث المياه، ومياه الشرب، وحماية المياه. ويشمل أيضًا مصطلحاتٍ إداريةً وقانونيةً مثل وزارة البلديات الإقليمية والبيئة وموارد المياه، ومفتش تلوث المياه. بالإضافة إلى ذلك، يُغطي النص مفاهيم تقنيةً مثل مصادر مياه الشرب، ومستوى التصريف، ومعيار التلوث، وملوثات المياه، وتصريف، ومناطق حماية مصادر مياه الشرب، ومياه الصرف الصحي، ومياه الصرف الصحي المعالجة.",القانون، البيئة، حماية مياه الشرب
قانون حماية مصادر مياه الشرب من التلوث (Law on Protecting Drinking Water Sources from Pollution),"المادة 4: امتثال موردي المياه
يجب على مالكي آبار مياه الشرب ومركبات النقل وشبكات التوزيع الامتثال للمتطلبات الصحية والبيئية التي تحددها الوزارة بالتنسيق مع السلطات المختصة. يجب أن تلبي مياه الشرب المعايير الوطنية للجودة. يتطلب بيع أو إنشاء شبكات خاصة لمياه الشرب تصاريح بيئية وفقاً لقواعد الوزير.

المادة 5: مكافحة التلوث
يجب على المالكين تبني أفضل التقنيات والأساليب المتاحة والمعتمدة من قبل الوزارة للتقليل من الملوثات التي تؤثر على مصادر المياه أو معالجتها، مع مراعاة أحكام المادة 3.

المادة 6: معايير المختبرات
تعتمد الوزارة جميع المختبرات التي تجري الفحوصات على مياه الشرب ومياه الصرف الصحي. لن يتم قبول النتائج من المختبرات غير المعتمدة.",العربية(Arabic),مياه الشرب، جودة المياه، موردو المياه، مكافحة التلوث، معايير المختبرات، فحص المياه,البيئة، القانون، الصحة العامة، جودة المياه ومراقبتها
قانون حماية مصادر مياه الشرب من التلوث (Law on Protecting Drinking Water Sources from Pollution),"المادة 7: خزانات الصرف الصحي وأنظمة الاحتجاز
يسمح ببناء خزانات الصرف الصحي، متبوعة بخزانات احتجاز أو أنظمة امتصاص، للمنشآت التي تنتج نفايات تعادل أقل من 150 شخص. يجب على المنشآت الأكبر استخدام محطات المعالجة وفقاً للملاحق القانونية.

المادة 8: التخلص من النفايات غير المنزلية
يجب معالجة النفايات الخطرة غير المنزلية لتلبية المعايير القانونية قبل التخلص منها في شبكات الصرف الصحي. يجب عدم استخدام شبكات مياه الأمطار للصرف الصحي أو الملوثات.

المادة 9: إدارة النفايات الصلبة
يجب التخلص من النفايات الصلبة غير الخطرة في مواقع مدافن النفايات المرخصة. يحظر خلط النفايات الصلبة غير الخطرة مع النفايات الخطرة.

المادة 10: ترخيص مواقع التخلص
يجب على السلطات المختصة الحصول على موافقة الوزارة لمواقع مدافن النفايات وتقديم تقييمات الأثر البيئي. موافقة الوزارة مطلوبة قبل استخدام هذه المواقع.

الجداول والملاحق
الجدول أ: معايير تصريف مياه الصرف الصحي
| المعيار                                  | القياس (ملغم/لتر ما لم يذكر غير ذلك) |
|------------------------------------------|----------------------------------------|
| الطلب البيولوجي على الأكسجين (5 أيام، 20 درجة مئوية) | 20                   |
| الطلب الكيميائي على الأكسجين              | 200                                    |
| إجمالي المواد الصلبة العالقة              | 30                                     |
| إجمالي المواد الصلبة الذائبة              | 2000                                   |
| التوصيل الكهربائي (ميكروسيمنز/سم)         | 2700                                   |
| نسبة امتصاص الصوديوم                      | 10                                     |
| نطاق الرقم الهيدروجيني                    | 6-9                                    |
| الألمنيوم                                | 5                                      |
| الزرنيخ                                  | 0.01                                   |
| الباريوم                                 | 2                                      |
| البورون                                  | 1                                      |
| الكادميوم                                | 0.01                                   |

الجدول ب: المعادن الثقيلة في الحمأة للاستخدام الزراعي
| المعدن | التركيز الأقصى في الحمأة (ملغم/كغم) | معدل التطبيق الأقصى (كغم/هكتار) | التركيز الأقصى في التربة (ملغم/كغم) |
|--------|--------------------------------------|-----------------------------------|--------------------------------------|
| الكادميوم | 3                                  | 1.5                               | 20                                   |
| الكروم    | 1000                               | 10                                | 400                                  |
| النحاس    | 1000                               | 10                                | 150                                  |
| الرصاص    | 300                                | 15                                | 30                                   |
| الزئبق    | 10                                 | 1                                 | 1                                    |
| النيكل    | 300                                | 3                                 | 75                                   |
| الزنك     | 3000                               | 15                                | 300                                  |

معايير التصريف الإضافية (جدول الملحق)
| المادة                        | التركيز الأقصى المسموح به (ملغم/لتر) |
|------------------------------|---------------------------------------|
| الكبريتيد (كأيون كبريتيد)     | 0.5                                   |
| الكبريتات (كأيون كبريتات)     | 500                                   |
| الفينولات                    | 5                                     |
| السيانيد                     | 0.01                                  |
| المنظفات (قابلة للتحلل)      | 30                                    |

إرشادات تصميم حقل الامتصاص
| نوع التربة | معدل التغلغل (دقيقة/بوصة) | المساحة المطلوبة للحقل (قدم مربع) |
|------------|---------------------------|-----------------------------------|
| تربة رملية | 0-5                       | 450                               |
| تربة طينية خفيفة | 6-15                     | 600                               |
| تربة طينية | 16-30                     | 900                               |",العربية(Arabic),يُغطّي هذا النص مصطلحاتٍ متخصصةً في مجال معالجة المياه والنفايات، مثل مياه الصرف الصحي، وخزانات التحلل اللاهوائي، وخزانات الاحتجاز، وحقل الامتصاص. كما يتناول النفايات الخطرة غير المنزلية، والنفايات الخطرة، وإدارة النفايات الصلبة، وموقع الطمر الصحي، والتخلص من النفايات، وتصريف مياه الصرف الصحي. ويشمل أيضًا معايير ومقاييس كيميائية مثل الطلب البيوكيميائي على الأكسجين (BOD)، والطلب الكيميائي على الأكسجين (COD)، وإجمالي المواد الصلبة العالقة (TSS)، وإجمالي المواد الصلبة الذائبة (TDS)، والتوصيل الكهربائي، ونسبة امتصاص الصوديوم (SAR)، والرقم الهيدروجيني (pH). بالإضافة إلى ذلك، يذكر النص عناصر كيميائية مثل الألمنيوم، والزرنيخ، والباريوم، والبورون، والكادميوم، والحمأة، والمعادن الثقيلة، والزراعة، والكروم، والنحاس، والرصاص، والزئبق، والنيكل، والزنك، وتلوث التربة، والكبريتيدات، والكبريتات، والفينولات، والسيانيد، والمنظفات. وأخيرًا، يُشير إلى حقل الامتصاص، ومعالجة مياه الصرف الصحي، ونوع التربة، ومعدل التسرب,يُركز هذا النص على مجالاتٍ رئيسيةٍ هي البيئة، والقانون، وإدارة النفايات.
قانون حماية مصادر مياه الشرب من التلوث (Law on Protecting Drinking Water Sources from Pollution),":جدول ج: إرشادات استخدام مياه الصرف الصحي المعالجة

| الاستخدام                                                   | الفئة أ                               | الفئة ب                |
|-----------------------------------------------------------|---------------------------------------|-------------------------|
| الخضروات التي تؤكل نيئة خلال أسبوعين                         | مسموح به تحت ضوابط صارمة             | غير مسموح به           |
| الخضروات المصنعة أو المطبوخة                                | مسموح به                             | مسموح به               |
| المتنزهات ومناطق الترفيه                                     | مسموح به                             | مقيد بالتلامس المنخفض |
",العربية(Arabic),يُشير هذا النص إلى مصطلحاتٍ مهمةٍ مثل مياه الصرف الصحي المعالجة، وإعادة استخدام مياه الصرف الصحي، والري، والزراعة، والصحة العامة.,يرتبط هذا النص بمجالاتٍ حيويةٍ هي البيئة، ومياه الصرف الصحي، والصحة العامة.
محمية الجبل الأخضر الطبيعية12 يوليو 2020 Green Mountain Landscape Reserve),"مرسوم سلطاني رقم 80/2011 بإنشاء محمية الجبل الأخضر الطبيعية ذات المنظر الطبيعي الخلاب. نحن، قابوس بن سعيد، سلطان عُمان. بعد الاطلاع على النظام الأساسي للدولة، الصادر بالمرسوم السلطاني رقم 101/96، وقانون المحميات الطبيعية وصون الأحياء الفطرية، الصادر بالمرسوم السلطاني رقم 6/2003، ومراعاةً للمصلحة العامة، رسمنا بما هو آت: المادة 1: تُنشأ محمية طبيعية باسم محمية الجبل الأخضر الطبيعية ذات المنظر الطبيعي الخلاب، وتُخصص لها المنطقة المحددة أبعادها في الملحق والخريطة المرفقين.
",العربية(Arabic),يتناول هذا النص مرسومًا سلطانيًا رقم 80/2011، صادرًا عن قابوس بن سعيد، سلطان عُمان. ويشير إلى النظام الأساسي للدولة، وقانون المحميات الطبيعية وصون الأحياء الفطرية. كما يتعلق بإنشاء محمية الجبل الأخضر الطبيعية ذات المنظر الطبيعي الخلاب، المعروفة أيضًا باسم الجبل الأخضر. ويهدف المرسوم إلى تحقيق المصلحة العامة من خلال إنشاء المحمية، مع تحديد ملحق وخريطة توضح حدودها.,يتناول هذا النص جوانب قانونية وبيئية وإدارية.
محمية الجبل الأخضر الطبيعية12 يوليو 2020 Green Mountain Landscape Reserve),"المادة 2: يُصدر وزير البيئة والشؤون المناخية اللوائح والقرارات المُنفذة لهذا المرسوم بالتنسيق مع الوزارات والجهات المعنية، على أن تتضمن طريقة إدارة المحمية، والقواعد المُنظمة للدخول إليها، والرسوم المقررة لذلك، وأوقات التواجد فيها، والأعمال المصرح بممارستها، وتلك المحظور ممارستها، والجزاءات المناسبة في كل حالة. المادة 3: يُنشر هذا المرسوم في الجريدة الرسمية، ويُعمل به اعتبارًا من اليوم التالي لتاريخ نشره. صدر في: 17 رمضان 1432 هـ الموافق 17 أغسطس 2011 م قابوس بن سعيد سلطان عُمان
",العربية(Arabic),"يتعلق هذا النص بـوزير البيئة والشؤون المناخية، واللوائح، والقرارات، والإدارة، وقواعد الدخول، والرسوم، وأوقات الزيارة، والأنشطة المسموح بها، والأنشطة المحظورة، والعقوبات، والتنسيق. كما يشير إلى الجريدة الرسمية، والنشر، وتاريخ السريان، و17 رمضان 1432 هـ، و17 أغسطس 2011 م، وقابوس بن سعيد، سلطان عُمان.
","يتناول هذا النص جوانب قانونية وبيئية وإدارية.
"
"تأسيس محمية السلاحف (Establishing Turtle Reserve)
23 أبريل 1996 (23 April 1996)





","المرسوم السلطاني رقم 25/96 الخاص بتأسيس محمية السلاحف  
نحن قابوس بن سعيد، سلطان عمان،  
بعد الاطلاع على المرسوم السلطاني رقم 26/75 بإصدار قانون تنظيم الجهاز الإداري للدولة وتعديلاته،  
وعلى المرسوم السلطاني رقم 26/97 بإصدار قانون المحميات الطبيعية والمتنزهات الوطنية وتعديلاته،  
وعلى المرسوم السلطاني رقم 10/82 بإصدار قانون حماية البيئة ومكافحة التلوث وتعديلاته،  
وبناءً على ما تقتضيه المصلحة العامة،  
أصدرنا المرسوم الآتي:  

المادة (1)  
تُخصص المنطقة المحددة بأبعادها في الملحق والخريطة المرفقين كموقع طبيعي محمي تحت اسم ""محمية السلاحف"".",العربية(Arabic),**مرسوم سلطاني، 25/96، قابوس بن سعيد، سلطان عمان، محمية السلاحف، موقع طبيعي محمي، قانون تنظيم الجهاز الإداري للدولة، قانون المحميات الطبيعية والمتنزهات الوطنية، قانون حماية البيئة ومكافحة التلوث، المصلحة العامة، تأسيس، ملحق، خريطة**,قانوني، بيئي، حوكمة
"تأسيس محمية السلاحف (Establishing Turtle Reserve)
23 أبريل 1996 (23 April 1996)




","لمادة (2):  
يصدر وزير البلديات الإقليمية والبيئة اللوائح والقرارات المنفذة لهذا المرسوم بالتنسيق مع الوزارات والجهات المعنية، على أن تتضمن القواعد المنظمة لدخول المحمية، والرسوم المقررة لذلك، وأوقات التواجد فيها، والأعمال المسموح بممارستها، وتلك التي يحظر ممارستها، والعقوبات المناسبة لكل حالة.  

المادة (3):  
ينشر هذا المرسوم في الجريدة الرسمية، ويعمل به من تاريخ نشره.  

قابوس بن سعيد  
قابوس بن سعيد  
سلطان عمان  

صدر في: 5 ذو الحجة 1416 هـ  
الموافق: 23 أبريل 1996 م  
الجريدة الرسمية العدد: (573)  ",العربية(Arabic),وزير البلديات الإقليمية والبيئة، اللوائح، القرارات، الإدارة، قواعد الدخول، الرسوم، أوقات الزيارة، الأنشطة المسموح بها، الأنشطة المحظورة، العقوبات، التنسيق، الجريدة الرسمية، النشر، تاريخ النفاذ، 5 ذو الحجة 1416 هـ، 23 أبريل 1996 م,قانوني، بيئي، حوكمة
"تأسيس محمية السلاحف (Establishing Turtle Reserve)
23 أبريل 1996 (23 April 1996)





","ملحق لتحديد أبعاد محمية السلاحف  
تُحدد أبعاد محمية السلاحف المشار إليها وفقًا للإحداثيات التالية:  
- الشمال الغربي: (59) درجة (41) دقيقة  
- الشرق: (23) درجة (52) دقيقة  
- الشمال الشمالي الشرقي: (59) درجة (48) دقيقة  
- الشرق: (23) درجة (52) دقيقة  
- الشمال الشرقي: (59) درجة (51) دقيقة  
- الشرق: (23) درجة (25) دقيقة  
- الجنوب الشرقي: (59) درجة (48) دقيقة  
- الشرق: (23) درجة (13) دقيقة  
- الجنوب: (59) درجة (45) دقيقة  
- الشرق: (22) درجة (11) دقيقة  
- الشمال الغربي: (59) درجة (48) دقيقة  
- الشرق: (22) درجة (19) دقيقة  

المساحة الإجمالية للمحمية هي (120) مائة وعشرون كيلومترًا مربعًا.  

**الجريدة الرسمية، العدد (573)**",العربية(Arabic),محمية السلاحف، الأبعاد، الإحداثيات، الشمال الغربي، الشمال الشرقي، الشرق، الجنوب الشرقي، الجنوب، الغرب، المساحة، 120 كيلومترًا مربعًا، الملحق، الجريدة الرسمية,قانوني، بيئي، جغرافي
"تأسيس محمية نجوم هجار الغربية في محافظة الداخلية  
12 يوليو 2020  
حماية الطبيعة                        Establishing the Western Hajar Starlight Reserve in the Governorate of Dakhiliyah
12 Jul 2020
Nature Conversation","ملاحظة: هذه نسخة مترجمة من المرسوم السلطاني. في حالة وجود تعارض بين النص العربي الأصلي والترجمة الإنجليزية، يسود النص العربي.

مرسوم سلطاني رقم 40/2019
بإنشاء محمية الحجر الغربي لأضواء النجوم في محافظة الداخلية

نحن قابوس بن سعيد، سلطان عمان
بعد الاطلاع على النظام الأساسي للدولة الصادر بالمرسوم السلطاني رقم 101/96،
وعلى قانون المحميات الطبيعية وصون الأحياء الفطرية الصادر بالمرسوم السلطاني رقم 6/2003،
وتحقيقًا للمصلحة العامة،

رسمنا بما هو آت:

المادة الأولى

تنشأ محمية طبيعية باسم ""محمية الحجر الغربي لأضواء النجوم في محافظة الداخلية""،
وتخصص لها المنطقة المحددة أبعادها في الملحق والخريطة المرفقين.

المادة الثانية

يصدر وزير البيئة والشؤون المناخية اللوائح والقرارات اللازمة لتنفيذ
هذا المرسوم بالتنسيق مع الوزارات والجهات المعنية، على أن تتضمن
أسلوب إدارة المحمية، والقواعد المنظمة للدخول إليها، والرسوم المقررة، ومواعيد
الزيارات، والأنشطة المسموح بها، والأنشطة المحظورة، والجزاءات الإدارية المناسبة في كل
حالة.

المادة الثالثة

ينشر هذا المرسوم في الجريدة الرسمية، ويعمل به من اليوم التالي لتاريخ نشره.

صدر في: 2 رمضان 1440
الموافق: 8 مايو 2019

قابوس بن سعيد
سلطان عمان",العربية(Arabic),مرسوم سلطاني 40/2019، محمية الحجر الغربي لأضواء النجوم، محافظة الداخلية، قابوس بن سعيد، سلطان عمان، النظام الأساسي للدولة، قانون المحميات الطبيعية وصون الأحياء الفطرية، الجريدة الرسمية، 2 رمضان 1440، 8 مايو 2019، وزير البيئة والشؤون المناخية,قانون عمان، قانون البيئة، المحميات الطبيعية، المراسيم السلطانية، محميات أضواء النجوم
"تأسيس محمية نجوم هجار الغربية في محافظة الداخلية  
12 يوليو 2020  
حماية الطبيعة                        Establishing the Western Hajar Starlight Reserve in the Governorate of Dakhiliyah
12 Jul 2020
Nature Conversation","ملاحظة: هذه نسخة مترجمة من المرسوم السلطاني. في حالة وجود تعارض بين النص العربي الأصلي والترجمة الإنجليزية، يسود النص العربي.

ملحق بتحديد أبعاد محمية الحجر الغربي لأضواء النجوم في محافظة الداخلية

تحدد أبعاد محمية الحجر الغربي لأضواء النجوم في محافظة الداخلية
وفقًا للإحداثيات التالية:

الرقم | الشرق | الشمال
---|---|---
1 | 506000 | 2592000
2 | 510000 | 2588000
3 | 520000 | 2583000
4 | 529000 | 2575000
5 | 530000 | 2568000
6 | 530000 | 2563000
7 | 524000 | 2563000
8 | 520000 | 2570000
9 | 513000 | 2570000
10 | 505000 | 2573000
11 | 504000 | 2580000
12 | 505000 | 2585000
13 | 506000 | 2592000",العربية(Arabic),محمية الحجر الغربي لأضواء النجوم، الداخلية، الأبعاد، الإحداثيات، الشرق، الشمال، نظام الإحداثيات العالمي,قانون عمان، قانون البيئة، المحميات الطبيعية، محمية الحجر الغربي لأضواء النجوم، الإحداثيات الجغرافية، نظام الإحداثيات العالمي
"تأسيس محمية نجوم هجار الغربية في محافظة الداخلية  
12 يوليو 2020  
حماية الطبيعة                        Establishing the Western Hajar Starlight Reserve in the Governorate of Dakhiliyah
12 Jul 2020
Nature Conversation","ملاحظة: هذه نسخة مترجمة من المرسوم السلطاني. في حالة وجود تعارض بين النص العربي الأصلي والترجمة الإنجليزية، يسود النص العربي.

هذه الخريطة ليست مرجعًا للحدود الدولية أو الإدارية
الإسقاط: نظام الإحداثيات العالمي (UTM) المنطقة 40N
البيانات: WGS 1984",العربية(Arabic),خريطة، حدود، إسقاط، نظام الإحداثيات العالمي المنطقة 40N، البيانات، WGS 1984، إخلاء مسؤولية,علم الخرائط، إسقاط الخرائط، نظام الإحداثيات العالمي، WGS 1984، إخلاء مسؤولية قانوني